<?xml version="1.0" encoding="us-ascii"?>
<level>
	<Stage number="3"></Stage>
	<Wall x="0" y="0"></Wall>
	<Wall x="0.04209844" y="0"></Wall>
	<Wall x="0.08419689" y="0"></Wall>
	<Wall x="0.1262953" y="0"></Wall>
	<Wall x="0.1683938" y="0"></Wall>
	<Wall x="0.2104922" y="0"></Wall>
	<Wall x="0.2525907" y="0"></Wall>
	<Wall x="0.2946891" y="0"></Wall>
	<Wall x="0.3367876" y="0"></Wall>
	<Wall x="0.378886" y="0"></Wall>
	<Wall x="0.4209844" y="0"></Wall>
	<Wall x="0.4630829" y="0"></Wall>
	<Wall x="0.5051814" y="0"></Wall>
	<Wall x="0.5472798" y="0"></Wall>
	<Wall x="0.5893782" y="0"></Wall>
	<Wall x="0.6314767" y="0"></Wall>
	<Wall x="0.6735751" y="0"></Wall>
	<Wall x="0.7156736" y="0"></Wall>
	<Wall x="0.757772" y="0"></Wall>
	<Wall x="0.7998705" y="0"></Wall>
	<Wall x="0.8419689" y="0"></Wall>
	<Wall x="0.8840674" y="0"></Wall>
	<Wall x="0.9261658" y="0"></Wall>
	<Wall x="0.9682642" y="0"></Wall>
	<Wall x="0" y="0.9352518"></Wall>
	<Wall x="0.04209844" y="0.9352518"></Wall>
	<Wall x="0.08419689" y="0.9352518"></Wall>
	<Wall x="0.1262953" y="0.9352518"></Wall>
	<Wall x="0.1683938" y="0.9352518"></Wall>
	<Wall x="0.2104922" y="0.9352518"></Wall>
	<Wall x="0.2525907" y="0.9352518"></Wall>
	<Wall x="0.2946891" y="0.9352518"></Wall>
	<Wall x="0.3367876" y="0.9352518"></Wall>
	<Wall x="0.378886" y="0.9352518"></Wall>
	<Wall x="0.4209844" y="0.9352518"></Wall>
	<Wall x="0.4630829" y="0.9352518"></Wall>
	<Wall x="0.5051814" y="0.9352518"></Wall>
	<Wall x="0.5472798" y="0.9352518"></Wall>
	<Wall x="0.5893782" y="0.9352518"></Wall>
	<Wall x="0.6314767" y="0.9352518"></Wall>
	<Wall x="0.6735751" y="0.9352518"></Wall>
	<Wall x="0.7156736" y="0.9352518"></Wall>
	<Wall x="0.757772" y="0.9352518"></Wall>
	<Wall x="0.7998705" y="0.9352518"></Wall>
	<Wall x="0.8419689" y="0.9352518"></Wall>
	<Wall x="0.8840674" y="0.9352518"></Wall>
	<Wall x="0.9261658" y="0.9352518"></Wall>
	<Wall x="0.9682642" y="0.9352518"></Wall>
	<Wall x="0" y="0.07793765"></Wall>
	<Wall x="0" y="0.1558753"></Wall>
	<Wall x="0" y="0.2338129"></Wall>
	<Wall x="0" y="0.3117506"></Wall>
	<Wall x="0" y="0.3896883"></Wall>
	<Wall x="0" y="0.4676259"></Wall>
	<Wall x="0" y="0.5455636"></Wall>
	<Wall x="0" y="0.6235012"></Wall>
	<Wall x="0" y="0.7014388"></Wall>
	<Wall x="0" y="0.7793765"></Wall>
	<Wall x="0" y="0.8573142"></Wall>
	<Wall x="0" y="0.9352518"></Wall>
	<Wall x="0.9682642" y="0.07793765"></Wall>
	<Wall x="0.9682642" y="0.1558753"></Wall>
	<Wall x="0.9682642" y="0.2338129"></Wall>
	<Wall x="0.9682642" y="0.3117506"></Wall>
	<Wall x="0.9682642" y="0.3896883"></Wall>
	<Wall x="0.9682642" y="0.4676259"></Wall>
	<Wall x="0.9682642" y="0.5455636"></Wall>
	<Wall x="0.9682642" y="0.6235012"></Wall>
	<Wall x="0.9682642" y="0.7014388"></Wall>
	<Wall x="0.9682642" y="0.7793765"></Wall>
	<Wall x="0.9682642" y="0.8573142"></Wall>
	<Wall x="0.9682642" y="0.9352518"></Wall>
	<Player x="0.08419689" y="0.1558753"></Player>
	<Elephant x="0.4209844" y="0.07793765" Direction="2"></Elephant>
	<Wall x="0.9261658" y="0.6235012"></Wall>
	<Wall x="0.8840674" y="0.6235012"></Wall>
	<Wall x="0.8419689" y="0.6235012"></Wall>
	<Wall x="0.7998705" y="0.6235012"></Wall>
	<Elephant x="0.7156736" y="0.5455636" Direction="0"></Elephant>
	<Wall x="0.6735751" y="0.6235012"></Wall>
	<Wall x="0.7156736" y="0.6235012"></Wall>
	<Wall x="0.757772" y="0.6235012"></Wall>
	<Wall x="0.6314767" y="0.6235012"></Wall>
	<Wall x="0.5893782" y="0.6235012"></Wall>
	<Wall x="0.5472798" y="0.6235012"></Wall>
	<Wall x="0.5051814" y="0.6235012"></Wall>
	<Wall x="0.4630829" y="0.6235012"></Wall>
	<Wall x="0.2946891" y="0.4676259"></Wall>
	<Wall x="0.4209844" y="0.6235012"></Wall>
	<Wall x="0.2946891" y="0.6235012"></Wall>
	<Elephant x="0.3367876" y="0.3896883" Direction="1"></Elephant>
	<Wall x="0.2946891" y="0.5455636"></Wall>
	<Wall x="0.2946891" y="0.3896883"></Wall>
	<Wall x="0.378886" y="0.6235012"></Wall>
	<Wall x="0.2946891" y="0.7014388"></Wall>
	<Wall x="0.2946891" y="0.7793765"></Wall>
	<Wall x="0.2946891" y="0.8573142"></Wall>
	<Door x="0.8840674" y="0.8813765"></Door>
	<Wall x="0.04209844" y="0.3117506"></Wall>
	<Wall x="0.1262953" y="0.3117506"></Wall>
	<Wall x="0.2104922" y="0.3117506"></Wall>
	<Wall x="0.08419689" y="0.3117506"></Wall>
	<Wall x="0.1683938" y="0.3117506"></Wall>
	<Wall x="0.2525907" y="0.3117506"></Wall>
	<Wall x="0.2946891" y="0.3117506"></Wall>
	<Wall x="0.3367876" y="0.3117506"></Wall>
	<Wall x="0.7998705" y="0.3117506"></Wall>
	<Wall x="0.8419689" y="0.3117506"></Wall>
	<Wall x="0.378886" y="0.3117506"></Wall>
	<Wall x="0.5051814" y="0.3117506"></Wall>
	<Wall x="0.5893782" y="0.3117506"></Wall>
	<Wall x="0.378886" y="0.3117506"></Wall>
	<Wall x="0.4209844" y="0.3117506"></Wall>
	<Wall x="0.4630829" y="0.3117506"></Wall>
	<Wall x="0.5472798" y="0.3117506"></Wall>
	<Wall x="0.6314767" y="0.3117506"></Wall>
	<Wall x="0.6735751" y="0.3117506"></Wall>
	<Wall x="0.7156736" y="0.3117506"></Wall>
	<Wall x="0.757772" y="0.3117506"></Wall>
</level>