<?xml version="1.0" encoding="us-ascii"?>
<level>
	<Stage number="9"></Stage>
	<Background animal="Rhino"></Background>
	<Wall x="0.5590062" y="0.6732118"></Wall>
	<Door x="0.931677" y="0.4207574"></Door>
	<Wall x="0.931677" y="0.7573633"></Wall>
	<Wall x="0.4525288" y="0.8835905"></Wall>
	<Wall x="0.6654836" y="0.5049089"></Wall>
	<Wall x="0.7985803" y="0"></Wall>
	<Wall x="0.5856255" y="0.8835905"></Wall>
	<Wall x="0" y="0.4628331"></Wall>
	<Wall x="0.7453416" y="0.9256662"></Wall>
	<Wall x="0.6921029" y="0.7573633"></Wall>
	<Wall x="0.6122449" y="0.799439"></Wall>
	<Wall x="0.2395741" y="0.8835905"></Wall>
	<Wall x="0.6122449" y="0.5049089"></Wall>
	<Wall x="0.1064774" y="0.5049089"></Wall>
	<Wall x="0.2928128" y="0.6311361"></Wall>
	<Wall x="0.5856255" y="0.6732118"></Wall>
	<Wall x="0.6122449" y="0.6311361"></Wall>
	<Wall x="0.7187223" y="0.8835905"></Wall>
	<Wall x="0.02661934" y="0.7152875"></Wall>
	<Wall x="0.7985803" y="0.7152875"></Wall>
	<Wall x="0.5856255" y="0.7152875"></Wall>
	<Wall x="0.5057675" y="0.7573633"></Wall>
	<Wall x="0.6654836" y="0.5469846"></Wall>
	<Wall x="0.5856255" y="0"></Wall>
	<Wall x="0.771961" y="0"></Wall>
	<Wall x="0.4525288" y="0.5469846"></Wall>
	<Wall x="0.4525288" y="0.6732118"></Wall>
	<Wall x="0.3992901" y="0.8835905"></Wall>
	<Wall x="0.2661934" y="0.8835905"></Wall>
	<Wall x="0.9050577" y="0.6311361"></Wall>
	<Wall x="0.2661934" y="0.5049089"></Wall>
	<Wall x="0.2395741" y="0.8415147"></Wall>
	<Wall x="0.771961" y="0.6732118"></Wall>
	<Wall x="0.4791482" y="0.9256662"></Wall>
	<Wall x="0.6388642" y="0.8415147"></Wall>
	<Wall x="0.4259095" y="0.9677419"></Wall>
	<Wall x="0" y="0.1262272"></Wall>
	<Wall x="0.3460515" y="0.8415147"></Wall>
	<Wall x="0.9849157" y="0.9677419"></Wall>
	<Wall x="0.6122449" y="0.7152875"></Wall>
	<Wall x="0.6654836" y="0.5890603"></Wall>
	<Wall x="0.7453416" y="0"></Wall>
	<Wall x="0.5856255" y="0.799439"></Wall>
	<Wall x="0.851819" y="0.799439"></Wall>
	<Wall x="0.5590062" y="0.7152875"></Wall>
	<Wall x="0.4525288" y="0.5890603"></Wall>
	<Wall x="0.3460515" y="0.8835905"></Wall>
	<Wall x="0.1064774" y="0.5469846"></Wall>
	<Wall x="0.2928128" y="0"></Wall>
	<Wall x="0.3726708" y="0.5049089"></Wall>
	<Wall x="0.8251997" y="0.799439"></Wall>
	<Wall x="0.02661934" y="0.5469846"></Wall>
	<Wall x="0.3194321" y="0.9256662"></Wall>
	<Wall x="0.2129547" y="0.7573633"></Wall>
	<Wall x="0.6122449" y="0.5469846"></Wall>
	<Wall x="0.4525288" y="0"></Wall>
	<Wall x="0.07985803" y="0.6311361"></Wall>
	<Wall x="0.05323869" y="0.5890603"></Wall>
	<Wall x="0.6388642" y="0.6732118"></Wall>
	<Wall x="0.6388642" y="0.7152875"></Wall>
	<Wall x="0.2395741" y="0.9256662"></Wall>
	<Wall x="0.6654836" y="0.6311361"></Wall>
	<Wall x="0.9849157" y="0.9256662"></Wall>
	<Wall x="0.7187223" y="0"></Wall>
	<Wall x="0" y="0.5890603"></Wall>
	<Wall x="0.6921029" y="0.799439"></Wall>
	<Wall x="0.3992901" y="0.7152875"></Wall>
	<Wall x="0.07985803" y="0.8415147"></Wall>
	<Wall x="0.3194321" y="0.8835905"></Wall>
	<Wall x="0.1863354" y="0.8835905"></Wall>
	<Wall x="0.6122449" y="0.5890603"></Wall>
	<Wall x="0.9582964" y="0.9256662"></Wall>
	<Wall x="0.07985803" y="0.5469846"></Wall>
	<Wall x="0.7985803" y="0.5890603"></Wall>
	<Wall x="0.3460515" y="0.9256662"></Wall>
	<Wall x="0.931677" y="0.9677419"></Wall>
	<Wall x="0.6654836" y="0.7152875"></Wall>
	<Wall x="0.771961" y="0.8835905"></Wall>
	<Wall x="0.6654836" y="0.6732118"></Wall>
	<Wall x="0.6654836" y="0"></Wall>
	<Wall x="0.6921029" y="0"></Wall>
	<Wall x="0.3992901" y="0.9256662"></Wall>
	<Wall x="0.2928128" y="0.7152875"></Wall>
	<Wall x="0.2928128" y="0.9256662"></Wall>
	<Wall x="0.8251997" y="0.7573633"></Wall>
	<Wall x="0.1863354" y="0.9256662"></Wall>
	<Wall x="0.9582964" y="0.7152875"></Wall>
	<Wall x="0.931677" y="0.9256662"></Wall>
	<Wall x="0" y="0.7573633"></Wall>
	<Wall x="0.6388642" y="0.9256662"></Wall>
	<Wall x="0.9582964" y="0.9677419"></Wall>
	<Wall x="0.05323869" y="0.9256662"></Wall>
	<Wall x="0.7187223" y="0.8415147"></Wall>
	<Wall x="0.851819" y="0.9256662"></Wall>
	<Wall x="0.3992901" y="0.5049089"></Wall>
	<Wall x="0.05323869" y="0.7573633"></Wall>
	<Wall x="0.6921029" y="0.5890603"></Wall>
	<Wall x="0.6921029" y="0.6732118"></Wall>
	<Wall x="0.5856255" y="0.5469846"></Wall>
	<Wall x="0.07985803" y="0.9677419"></Wall>
	<Wall x="0.5590062" y="0.799439"></Wall>
	<Wall x="0.4525288" y="0.7573633"></Wall>
	<Wall x="0.6388642" y="0.5469846"></Wall>
	<Wall x="0.1597161" y="0"></Wall>
	<Wall x="0.851819" y="0.5469846"></Wall>
	<Wall x="0.1330967" y="0.8835905"></Wall>
	<Wall x="0.6921029" y="0.5469846"></Wall>
	<Wall x="0.931677" y="0.8835905"></Wall>
	<Wall x="0.7187223" y="0.7152875"></Wall>
	<Wall x="0.9050577" y="0"></Wall>
	<Wall x="0.4259095" y="0.799439"></Wall>
	<Wall x="0.851819" y="0.8415147"></Wall>
	<Wall x="0.6388642" y="0"></Wall>
	<Wall x="0.6388642" y="0.5890603"></Wall>
	<Wall x="0.1330967" y="0.8415147"></Wall>
	<Wall x="0.4259095" y="0.5469846"></Wall>
	<Wall x="0.07985803" y="0.5890603"></Wall>
	<Wall x="0.3992901" y="0.6732118"></Wall>
	<Wall x="0.4525288" y="0.8415147"></Wall>
	<Wall x="0.9582964" y="0.8415147"></Wall>
	<Wall x="0.1863354" y="0.7573633"></Wall>
	<Wall x="0.771961" y="0.5890603"></Wall>
	<Wall x="0.02661934" y="0.7573633"></Wall>
	<Wall x="0.9050577" y="0.7573633"></Wall>
	<Wall x="0.07985803" y="0.9256662"></Wall>
	<Wall x="0.7453416" y="0.5469846"></Wall>
	<Wall x="0.9582964" y="0.8835905"></Wall>
	<Wall x="0.7453416" y="0.7152875"></Wall>
	<Wall x="0.771961" y="0.5469846"></Wall>
	<Wall x="0.9849157" y="0.7573633"></Wall>
	<Wall x="0.6122449" y="0"></Wall>
	<Wall x="0.2661934" y="0.6311361"></Wall>
	<Wall x="0.6921029" y="0.6311361"></Wall>
	<Wall x="0.5323868" y="0.9677419"></Wall>
	<Wall x="0.7187223" y="0.5469846"></Wall>
	<Wall x="0.2661934" y="0.5890603"></Wall>
	<Wall x="0.4259095" y="0.9256662"></Wall>
	<Wall x="0.02661934" y="0.5890603"></Wall>
	<Wall x="0.851819" y="0.5049089"></Wall>
	<Wall x="0.1863354" y="0.8415147"></Wall>
	<Wall x="0.771961" y="0.6311361"></Wall>
	<Wall x="0.07985803" y="0.7573633"></Wall>
	<Wall x="0.6921029" y="0.7152875"></Wall>
	<Wall x="0.3726708" y="0.7152875"></Wall>
	<Wall x="0.771961" y="0.7152875"></Wall>
	<Wall x="0.2395741" y="0.7573633"></Wall>
	<Wall x="0.9050577" y="0.5049089"></Wall>
	<Rhino x="0.62378" y="0.3772791" LeftBound="100" RightBound="100" Direction="1"></Rhino>
	<Wall x="0.7985803" y="0.8415147"></Wall>
	<Wall x="0.7187223" y="0.5890603"></Wall>
	<Wall x="0.9582964" y="0.7573633"></Wall>
	<Wall x="0.8784384" y="0.5469846"></Wall>
	<Wall x="0.1064774" y="0.8415147"></Wall>
	<Wall x="0.1330967" y="0.7573633"></Wall>
	<Wall x="0.9849157" y="0.8835905"></Wall>
	<Wall x="0.02661934" y="0.5049089"></Wall>
	<Wall x="0.1597161" y="0.5890603"></Wall>
	<Wall x="0.2129547" y="0.8835905"></Wall>
	<Wall x="0.7985803" y="0.6311361"></Wall>
	<Wall x="0.7985803" y="0.799439"></Wall>
	<Wall x="0" y="0.8415147"></Wall>
	<Wall x="0.3726708" y="0.9677419"></Wall>
	<Wall x="0.9050577" y="0.5469846"></Wall>
	<Wall x="0.9849157" y="0.8415147"></Wall>
	<Wall x="0.5590062" y="0"></Wall>
	<Wall x="0.5323868" y="0"></Wall>
	<Wall x="0.4259095" y="0.7573633"></Wall>
	<Wall x="0.2661934" y="0.6732118"></Wall>
	<Wall x="0.851819" y="0.5890603"></Wall>
	<Wall x="0.1330967" y="0.5890603"></Wall>
	<Wall x="0.3194321" y="0.7152875"></Wall>
	<Wall x="0.2129547" y="0.6311361"></Wall>
	<Wall x="0.7985803" y="0.6732118"></Wall>
	<Wall x="0.5057675" y="0.8415147"></Wall>
	<Wall x="0.02661934" y="0.8835905"></Wall>
	<Wall x="0.07985803" y="0.5049089"></Wall>
	<Wall x="0.1863354" y="0.6732118"></Wall>
	<Wall x="0.3194321" y="0.5890603"></Wall>
	<Wall x="0.5323868" y="0.5049089"></Wall>
	<Wall x="0.9582964" y="0.6311361"></Wall>
	<Wall x="0.851819" y="0.6311361"></Wall>
	<Wall x="0.8251997" y="0.6311361"></Wall>
	<Wall x="0.8251997" y="0.9256662"></Wall>
	<Wall x="0.8251997" y="0.7152875"></Wall>
	<Wall x="0.9849157" y="0.5890603"></Wall>
	<Wall x="0.9050577" y="0.5890603"></Wall>
	<Wall x="0.2661934" y="0.7152875"></Wall>
	<Wall x="0.9050577" y="0.6732118"></Wall>
	<Wall x="0.5057675" y="0.5890603"></Wall>
	<Wall x="0.5323868" y="0.6311361"></Wall>
	<Wall x="0.931677" y="0.7152875"></Wall>
	<Wall x="0.5856255" y="0.6311361"></Wall>
	<Wall x="0.05323869" y="0.8835905"></Wall>
	<Wall x="0.02661934" y="0"></Wall>
	<Wall x="0.2928128" y="0.5049089"></Wall>
	<Wall x="0.02661934" y="0.8415147"></Wall>
	<Wall x="0.7453416" y="0.5049089"></Wall>
	<Wall x="0.02661934" y="0.6311361"></Wall>
	<Wall x="0.1863354" y="0.6311361"></Wall>
	<Wall x="0.1064774" y="0.799439"></Wall>
	<Wall x="0.9582964" y="0.6732118"></Wall>
	<Wall x="0.7187223" y="0.9256662"></Wall>
	<Wall x="0.851819" y="0.7152875"></Wall>
	<Wall x="0.5057675" y="0.9256662"></Wall>
	<Wall x="0" y="0.799439"></Wall>
	<Wall x="0.9849157" y="0.5469846"></Wall>
	<Wall x="0.2661934" y="0.799439"></Wall>
	<Wall x="0.9050577" y="0.9256662"></Wall>
	<Wall x="0.5323868" y="0.5469846"></Wall>
	<Wall x="0.07985803" y="0.8835905"></Wall>
	<Wall x="0.3194321" y="0.7573633"></Wall>
	<Wall x="0.9582964" y="0.5469846"></Wall>
	<Wall x="0.3460515" y="0.5890603"></Wall>
	<Wall x="0.4791482" y="0.5890603"></Wall>
	<Wall x="0.8251997" y="0.5469846"></Wall>
	<Wall x="0.7453416" y="0.6732118"></Wall>
	<Wall x="0.2129547" y="0.5890603"></Wall>
	<Wall x="0.2395741" y="0.5890603"></Wall>
	<Wall x="0.1597161" y="0.9256662"></Wall>
	<Wall x="0.9849157" y="0.6732118"></Wall>
	<Wall x="0.771961" y="0.7573633"></Wall>
	<Wall x="0.8784384" y="0.6311361"></Wall>
	<Wall x="0.4791482" y="0.799439"></Wall>
	<Wall x="0.3460515" y="0.799439"></Wall>
	<Wall x="0" y="0.9677419"></Wall>
	<Wall x="0.9849157" y="0.7152875"></Wall>
	<Wall x="0.05323869" y="0.9677419"></Wall>
	<Wall x="0.1064774" y="0.8835905"></Wall>
	<Wall x="0.3460515" y="0.6732118"></Wall>
	<Wall x="0.05323869" y="0.799439"></Wall>
	<Wall x="0.931677" y="0.5469846"></Wall>
	<Wall x="0.2395741" y="0.6732118"></Wall>
	<Wall x="0.3194321" y="0.8415147"></Wall>
	<Wall x="0.1330967" y="0.9256662"></Wall>
	<Wall x="0.6921029" y="0.9256662"></Wall>
	<Wall x="0.2395741" y="0.6311361"></Wall>
	<Wall x="0.5856255" y="0.5049089"></Wall>
	<Wall x="0.02661934" y="0.6732118"></Wall>
	<Wall x="0.9849157" y="0.6311361"></Wall>
	<Wall x="0.7985803" y="0.9677419"></Wall>
	<Wall x="0.7453416" y="0.9677419"></Wall>
	<Wall x="0.2395741" y="0.799439"></Wall>
	<Wall x="0.8251997" y="0.5890603"></Wall>
	<Wall x="0.9582964" y="0.5890603"></Wall>
	<Wall x="0.7985803" y="0.8835905"></Wall>
	<Wall x="0.9849157" y="0.799439"></Wall>
	<Wall x="0.3460515" y="0.7152875"></Wall>
	<Wall x="0.771961" y="0.799439"></Wall>
	<Wall x="0.8784384" y="0.7573633"></Wall>
	<Wall x="0.1597161" y="0.9677419"></Wall>
	<Wall x="0.7453416" y="0.799439"></Wall>
	<Wall x="0.8784384" y="0.799439"></Wall>
	<Wall x="0.9849157" y="0.4207574"></Wall>
	<Wall x="0.2129547" y="0.9677419"></Wall>
	<Wall x="0.5856255" y="0.7573633"></Wall>
	<Wall x="0.4259095" y="0"></Wall>
	<Wall x="0.1064774" y="0.6311361"></Wall>
	<Wall x="0.4259095" y="0.5890603"></Wall>
	<Wall x="0.5057675" y="0.6732118"></Wall>
	<Wall x="0.05323869" y="0.6732118"></Wall>
	<Wall x="0.931677" y="0.5049089"></Wall>
	<Wall x="0.2928128" y="0.7573633"></Wall>
	<Wall x="0.6654836" y="0.7573633"></Wall>
	<Wall x="0.1330967" y="0.799439"></Wall>
	<Wall x="0" y="0.6311361"></Wall>
	<Wall x="0.8251997" y="0.8835905"></Wall>
	<Wall x="0.9050577" y="0.8415147"></Wall>
	<Wall x="0.4525288" y="0.9677419"></Wall>
	<Wall x="0.771961" y="0.9677419"></Wall>
	<Wall x="0.3992901" y="0"></Wall>
	<Wall x="0.9849157" y="0.3786816"></Wall>
	<Wall x="0.7453416" y="0.5890603"></Wall>
	<Wall x="0.1064774" y="0.5890603"></Wall>
	<Wall x="0.6921029" y="0.9677419"></Wall>
	<Wall x="0.3460515" y="0.6311361"></Wall>
	<Wall x="0.4259095" y="0.6311361"></Wall>
	<Wall x="0.6122449" y="0.6732118"></Wall>
	<Wall x="0.07985803" y="0.6732118"></Wall>
	<Wall x="0.9582964" y="0.5049089"></Wall>
	<Wall x="0.2395741" y="0.7152875"></Wall>
	<Wall x="0.851819" y="0.8835905"></Wall>
	<Wall x="0.1330967" y="0.9677419"></Wall>
	<Wall x="0.4525288" y="0.6311361"></Wall>
	<Wall x="0.8784384" y="0.5049089"></Wall>
	<Wall x="0.5590062" y="0.5049089"></Wall>
	<Wall x="0.8784384" y="0.8835905"></Wall>
	<Wall x="0.9849157" y="0.5049089"></Wall>
	<Wall x="0.3726708" y="0"></Wall>
	<Wall x="0.4791482" y="0.6732118"></Wall>
	<Wall x="0.5323868" y="0.799439"></Wall>
	<Wall x="0.5057675" y="0.6311361"></Wall>
	<Wall x="0.1330967" y="0.5049089"></Wall>
	<Wall x="0.1863354" y="0.5890603"></Wall>
	<Wall x="0.2129547" y="0.799439"></Wall>
	<Wall x="0.1863354" y="0.9677419"></Wall>
	<Wall x="0.5856255" y="0.8415147"></Wall>
	<Wall x="0.7187223" y="0.9677419"></Wall>
	<Wall x="0.2928128" y="0.5890603"></Wall>
	<Wall x="0.2129547" y="0.5049089"></Wall>
	<Wall x="0.5590062" y="0.7573633"></Wall>
	<Wall x="0.1863354" y="0"></Wall>
	<Wall x="0.1597161" y="0.799439"></Wall>
	<Wall x="0" y="0.5049089"></Wall>
	<Wall x="0.9050577" y="0.8835905"></Wall>
	<Wall x="0" y="0.5469846"></Wall>
	<Wall x="0.9849157" y="0.4628331"></Wall>
	<Wall x="0.3992901" y="0.9677419"></Wall>
	<Wall x="0" y="0.3786816"></Wall>
	<Wall x="0.6921029" y="0.8835905"></Wall>
	<Wall x="0.1330967" y="0.6311361"></Wall>
	<Wall x="0.2928128" y="0.6732118"></Wall>
	<Wall x="0.7985803" y="0.5049089"></Wall>
	<Wall x="0.2129547" y="0.5469846"></Wall>
	<Wall x="0.6122449" y="0.9256662"></Wall>
	<Wall x="0.5057675" y="0.5469846"></Wall>
	<Wall x="0.851819" y="0.9677419"></Wall>
	<Wall x="0.8784384" y="0.9677419"></Wall>
	<Wall x="0.9050577" y="0.799439"></Wall>
	<Wall x="0.1330967" y="0.7152875"></Wall>
	<Wall x="0.1863354" y="0.799439"></Wall>
	<Wall x="0.4791482" y="0.8415147"></Wall>
	<Wall x="0.3460515" y="0.5049089"></Wall>
	<Wall x="0.5323868" y="0.6732118"></Wall>
	<Wall x="0.1597161" y="0.5049089"></Wall>
	<Wall x="0.1330967" y="0.5469846"></Wall>
	<Wall x="0.1863354" y="0.5049089"></Wall>
	<Wall x="0.1597161" y="0.6732118"></Wall>
	<Wall x="0.9050577" y="0.9677419"></Wall>
	<Wall x="0.9849157" y="0.2524544"></Wall>
	<Wall x="0.1597161" y="0.7152875"></Wall>
	<Wall x="0.1064774" y="0"></Wall>
	<Wall x="0.2661934" y="0"></Wall>
	<Wall x="0.7453416" y="0.8835905"></Wall>
	<Wall x="0.2129547" y="0.9256662"></Wall>
	<Wall x="0.931677" y="0.6732118"></Wall>
	<Wall x="0.6122449" y="0.8835905"></Wall>
	<Wall x="0.1863354" y="0.7152875"></Wall>
	<Wall x="0.05323869" y="0.8415147"></Wall>
	<Wall x="0.05323869" y="0.6311361"></Wall>
	<Wall x="0.1064774" y="0.7573633"></Wall>
	<Wall x="0.2928128" y="0.5469846"></Wall>
	<Wall x="0.6921029" y="0.5049089"></Wall>
	<Wall x="0.1597161" y="0.5469846"></Wall>
	<Wall x="0.2395741" y="0.5049089"></Wall>
	<Wall x="0.1064774" y="0.9677419"></Wall>
	<Wall x="0.931677" y="0.5890603"></Wall>
	<Wall x="0.3460515" y="0.9677419"></Wall>
	<Wall x="0" y="0.4207574"></Wall>
	<Wall x="0.4791482" y="0.5469846"></Wall>
	<Wall x="0.9849157" y="0.2103787"></Wall>
	<Wall x="0.771961" y="0.8415147"></Wall>
	<Wall x="0.7985803" y="0.5469846"></Wall>
	<Wall x="0.771961" y="0.5049089"></Wall>
	<Wall x="0" y="0.8835905"></Wall>
	<Wall x="0.7453416" y="0.7573633"></Wall>
	<Wall x="0.5323868" y="0.7573633"></Wall>
	<Wall x="0.7187223" y="0.5049089"></Wall>
	<Wall x="0.4791482" y="0.5049089"></Wall>
	<Wall x="0.1330967" y="0.6732118"></Wall>
	<Wall x="0.1597161" y="0.7573633"></Wall>
	<Wall x="0.1597161" y="0.8415147"></Wall>
	<Wall x="0.4259095" y="0.5049089"></Wall>
	<Wall x="0.2661934" y="0.5469846"></Wall>
	<Wall x="0.8251997" y="0.9677419"></Wall>
	<Wall x="0.9849157" y="0.3366059"></Wall>
	<Wall x="0.2129547" y="0.7152875"></Wall>
	<Wall x="0" y="0.3366059"></Wall>
	<Wall x="0.3726708" y="0.799439"></Wall>
	<Wall x="0.6388642" y="0.6311361"></Wall>
	<Wall x="0.8784384" y="0.9256662"></Wall>
	<Wall x="0.02661934" y="0.9256662"></Wall>
	<Wall x="0.4525288" y="0.9256662"></Wall>
	<Wall x="0" y="0.08415147"></Wall>
	<Wall x="0.3726708" y="0.8835905"></Wall>
	<Wall x="0.6921029" y="0.8415147"></Wall>
	<Wall x="0.7187223" y="0.799439"></Wall>
	<Wall x="0.5057675" y="0.9677419"></Wall>
	<Wall x="0.2661934" y="0.8415147"></Wall>
	<Wall x="0.2129547" y="0"></Wall>
	<Wall x="0.2129547" y="0.6732118"></Wall>
	<Wall x="0.3194321" y="0.5469846"></Wall>
	<Wall x="0.9849157" y="0.2945302"></Wall>
	<Wall x="0.02661934" y="0.9677419"></Wall>
	<Wall x="0.6122449" y="0.8415147"></Wall>
	<Wall x="0.7453416" y="0.6311361"></Wall>
	<Wall x="0.931677" y="0.799439"></Wall>
	<Wall x="0.6654836" y="0.8415147"></Wall>
	<Wall x="0.5590062" y="0.9256662"></Wall>
	<Wall x="0.2928128" y="0.8415147"></Wall>
	<Wall x="0.1064774" y="0.7152875"></Wall>
	<Wall x="0.4259095" y="0.7152875"></Wall>
	<Wall x="0.4791482" y="0"></Wall>
	<Wall x="0.8251997" y="0.8415147"></Wall>
	<Wall x="0.07985803" y="0.799439"></Wall>
	<Wall x="0.3726708" y="0.8415147"></Wall>
	<Wall x="0.7985803" y="0.7573633"></Wall>
	<Wall x="0.6654836" y="0.799439"></Wall>
	<Wall x="0.9849157" y="0.08415147"></Wall>
	<Wall x="0" y="0.2945302"></Wall>
	<Wall x="0" y="0.7152875"></Wall>
	<Wall x="0.3992901" y="0.5890603"></Wall>
	<Wall x="0.7187223" y="0.6732118"></Wall>
	<Wall x="0.1064774" y="0.6732118"></Wall>
	<Wall x="0.2661934" y="0.9256662"></Wall>
	<Wall x="0.7985803" y="0.9256662"></Wall>
	<Wall x="0.931677" y="0.6311361"></Wall>
	<Wall x="0.6388642" y="0.799439"></Wall>
	<Wall x="0.3194321" y="0"></Wall>
	<Wall x="0.8784384" y="0"></Wall>
	<Wall x="0.9050577" y="0.7152875"></Wall>
	<Wall x="0.5590062" y="0.9677419"></Wall>
	<Wall x="0.9849157" y="0"></Wall>
	<Wall x="0.3992901" y="0.8415147"></Wall>
	<Wall x="0.7187223" y="0.7573633"></Wall>
	<Wall x="0.8784384" y="0.5890603"></Wall>
	<Wall x="0" y="0.2524544"></Wall>
	<Wall x="0.9849157" y="0.04207573"></Wall>
	<Wall x="0.1064774" y="0.9256662"></Wall>
	<Wall x="0.4791482" y="0.9677419"></Wall>
	<Wall x="0.8784384" y="0.7152875"></Wall>
	<Wall x="0.4259095" y="0.8415147"></Wall>
	<Wall x="0.1863354" y="0.5469846"></Wall>
	<Wall x="0.3194321" y="0.6311361"></Wall>
	<Wall x="0.02661934" y="0.799439"></Wall>
	<Wall x="0.6388642" y="0.8835905"></Wall>
	<Wall x="0.4525288" y="0.5049089"></Wall>
	<Wall x="0" y="0.9256662"></Wall>
	<Wall x="0.9582964" y="0"></Wall>
	<Wall x="0.5590062" y="0.8415147"></Wall>
	<Wall x="0.4525288" y="0.799439"></Wall>
	<Wall x="0" y="0.2103787"></Wall>
	<Wall x="0.6654836" y="0.8835905"></Wall>
	<Wall x="0.9849157" y="0.1683029"></Wall>
	<Wall x="0.1330967" y="0"></Wall>
	<Player x="0.05323869" y="0.4207574"></Player>
	<Wall x="0.3194321" y="0.799439"></Wall>
	<Wall x="0.1597161" y="0.6311361"></Wall>
	<Wall x="0.05323869" y="0.5469846"></Wall>
	<Wall x="0.3460515" y="0"></Wall>
	<Wall x="0.3194321" y="0.6732118"></Wall>
	<Wall x="0.2395741" y="0.5469846"></Wall>
	<Wall x="0" y="0.6732118"></Wall>
	<Wall x="0.931677" y="0"></Wall>
	<Wall x="0.3992901" y="0.7573633"></Wall>
	<Wall x="0.6654836" y="0.9256662"></Wall>
	<Wall x="0" y="0.1683029"></Wall>
	<Wall x="0.9849157" y="0.1262272"></Wall>
	<Wall x="0.771961" y="0.9256662"></Wall>
	<Wall x="0.6388642" y="0.7573633"></Wall>
	<Wall x="0.2661934" y="0.7573633"></Wall>
	<Wall x="0.1597161" y="0.8835905"></Wall>
	<Wall x="0.2395741" y="0"></Wall>
	<Wall x="0.8251997" y="0.6732118"></Wall>
	<Wall x="0.5856255" y="0.5890603"></Wall>
	<Wall x="0.4791482" y="0.8835905"></Wall>
	<Wall x="0.3726708" y="0.9256662"></Wall>
	<Wall x="0.8251997" y="0.5049089"></Wall>
	<Wall x="0.5323868" y="0.9256662"></Wall>
	<Wall x="0.3726708" y="0.6311361"></Wall>
	<Wall x="0.5323868" y="0.5890603"></Wall>
	<Wall x="0.6388642" y="0.9677419"></Wall>
	<Wall x="0.2928128" y="0.9677419"></Wall>
	<Wall x="0.9582964" y="0.799439"></Wall>
	<Wall x="0.6654836" y="0.9677419"></Wall>
	<Wall x="0.2928128" y="0.8835905"></Wall>
	<Wall x="0.07985803" y="0"></Wall>
	<Wall x="0.5590062" y="0.5469846"></Wall>
	<Wall x="0.7187223" y="0.6311361"></Wall>
	<Wall x="0.3460515" y="0.7573633"></Wall>
	<Wall x="0.07985803" y="0.7152875"></Wall>
	<Wall x="0.8784384" y="0.6732118"></Wall>
	<Wall x="0.851819" y="0.7573633"></Wall>
	<Wall x="0.5057675" y="0.8835905"></Wall>
	<Wall x="0.4791482" y="0.7152875"></Wall>
	<Wall x="0.3726708" y="0.7573633"></Wall>
	<Wall x="0.7453416" y="0.8415147"></Wall>
	<Wall x="0.4791482" y="0.6311361"></Wall>
	<Wall x="0.851819" y="0.6732118"></Wall>
	<Wall x="0.2129547" y="0.8415147"></Wall>
	<Wall x="0.3992901" y="0.5469846"></Wall>
	<Wall x="0.3194321" y="0.9677419"></Wall>
	<Wall x="0.05323869" y="0"></Wall>
	<Wall x="0.5590062" y="0.5890603"></Wall>
	<Wall x="0.8784384" y="0.8415147"></Wall>
	<Wall x="0.6122449" y="0.7573633"></Wall>
	<Wall x="0.2928128" y="0.799439"></Wall>
	<Wall x="0.5323868" y="0.8835905"></Wall>
	<Wall x="0.5057675" y="0.7152875"></Wall>
	<Wall x="0.5057675" y="0"></Wall>
	<Wall x="0.851819" y="0"></Wall>
	<Wall x="0.05323869" y="0.5049089"></Wall>
	<Wall x="0.5856255" y="0.9677419"></Wall>
	<Wall x="0.2395741" y="0.9677419"></Wall>
	<Wall x="0.5057675" y="0.5049089"></Wall>
	<Wall x="0.3726708" y="0.6732118"></Wall>
	<Wall x="0.3726708" y="0.5469846"></Wall>
	<Wall x="0.6388642" y="0.5049089"></Wall>
	<Wall x="0" y="0.04207573"></Wall>
	<Wall x="0.5590062" y="0.6311361"></Wall>
	<Wall x="0.931677" y="0.8415147"></Wall>
	<Wall x="0.05323869" y="0.7152875"></Wall>
	<Wall x="0.4791482" y="0.7573633"></Wall>
	<Wall x="0.3992901" y="0.799439"></Wall>
	<Wall x="0.5323868" y="0.7152875"></Wall>
	<Wall x="0.5057675" y="0.799439"></Wall>
	<Wall x="0.5323868" y="0.8415147"></Wall>
	<Wall x="0.5590062" y="0.8835905"></Wall>
	<Wall x="0.8251997" y="0"></Wall>
	<Wall x="0.4259095" y="0.8835905"></Wall>
	<Wall x="0.4525288" y="0.7152875"></Wall>
	<Wall x="0.4259095" y="0.6732118"></Wall>
	<Wall x="0.2661934" y="0.9677419"></Wall>
	<Wall x="0.5856255" y="0.9256662"></Wall>
	<Wall x="0.3992901" y="0.6311361"></Wall>
	<Wall x="0.3726708" y="0.5890603"></Wall>
	<Wall x="0.3460515" y="0.5469846"></Wall>
	<Wall x="0.3194321" y="0.5049089"></Wall>
	<Wall x="0.6122449" y="0.9677419"></Wall>
	<Wall x="0" y="0"></Wall>
</level>